{
    "Gauss-Newton": {
        "H0": 70.4483513382751,
        "Omega": 0.7360814616439777,
        "nfev": 5
    },
    "Levenberg-Marquardt": {
        "H0": 70.4482921054817,
        "Omega": 0.736079025363548,
        "nfev": 5
    }
}